{"memory_consumption_m=8_n=15": {"m": 8, "n": 15, "exp_fill": 1419.565425786768, "num_mes": 10, "avg_fill": 2183.8, "ratio": 1.5383581202604095}, "memory_consumption_m=9_n=13": {"m": 9, "n": 13, "exp_fill": 3194.022208020228, "num_mes": 5, "avg_fill": 4747.2, "ratio": 1.4862764535824842}, "memory_consumption_m=8_n=18": {"m": 8, "n": 18, "exp_fill": 1419.565425786768, "num_mes": 14, "avg_fill": 2218.3571428571427, "ratio": 1.5627015863870164}, "memory_consumption_m=10_n=17": {"m": 10, "n": 17, "exp_fill": 7097.82712893384, "num_mes": 3, "avg_fill": 9870.666666666666, "ratio": 1.3906603369402337}, "memory_consumption_m=9_n=17": {"m": 9, "n": 17, "exp_fill": 3194.022208020228, "num_mes": 7, "avg_fill": 4373.142857142857, "ratio": 1.3691648248912744}, "memory_consumption_m=8_n=13": {"m": 8, "n": 13, "exp_fill": 1419.565425786768, "num_mes": 6, "avg_fill": 2247.8333333333335, "ratio": 1.5834658216527875}, "memory_consumption_m=9_n=16": {"m": 9, "n": 16, "exp_fill": 3194.022208020228, "num_mes": 8, "avg_fill": 4556.25, "ratio": 1.42649289931648}, "memory_consumption_m=8_n=12": {"m": 8, "n": 12, "exp_fill": 1419.565425786768, "num_mes": 6, "avg_fill": 2359.8333333333335, "ratio": 1.6623632067014025}, "memory_consumption_m=9_n=12": {"m": 9, "n": 12, "exp_fill": 3194.022208020228, "num_mes": 1, "avg_fill": 3621.0, "ratio": 1.1336802827818873}, "memory_consumption_m=10_n=18": {"m": 10, "n": 18, "exp_fill": 7097.82712893384, "num_mes": 1, "avg_fill": 10229.0, "ratio": 1.4411452708255084}, "memory_consumption_m=8_n=17": {"m": 8, "n": 17, "exp_fill": 1419.565425786768, "num_mes": 18, "avg_fill": 2057.1666666666665, "ratio": 1.4491524161533589}, "memory_consumption_m=9_n=15": {"m": 9, "n": 15, "exp_fill": 3194.022208020228, "num_mes": 5, "avg_fill": 4753.8, "ratio": 1.4883428136670909}, "memory_consumption_m=9_n=18": {"m": 9, "n": 18, "exp_fill": 3194.022208020228, "num_mes": 8, "avg_fill": 4519.5, "ratio": 1.4149870306635568}, "memory_consumption_m=8_n=16": {"m": 8, "n": 16, "exp_fill": 1419.565425786768, "num_mes": 14, "avg_fill": 2099.8571428571427, "ratio": 1.4792253352418299}, "memory_consumption_m=10_n=14": {"m": 10, "n": 14, "exp_fill": 7097.82712893384, "num_mes": 1, "avg_fill": 10055.0, "ratio": 1.416630726185403}, "memory_consumption_m=8_n=14": {"m": 8, "n": 14, "exp_fill": 1419.565425786768, "num_mes": 10, "avg_fill": 2053.6, "ratio": 1.4466399101413943}}